epoch,train_loss,val_loss,accuracy,precision,recall,f1,qwk
1,0.8152866303596807,0.49646856838270376,0.7240437158469946,0.6836567936927792,0.7240437158469946,0.6987307894643169,0.8061270367901272
2,0.43584463413318864,0.3489465444632199,0.7213114754098361,0.766605461671765,0.7213114754098361,0.7220775741990786,0.8747433264887063
3,0.38148465201400383,0.39010013105428737,0.7295081967213115,0.7548157491149441,0.7295081967213115,0.7262351865945834,0.8685436218282934
4,0.3033386501711388,0.3419053680465921,0.7540983606557377,0.7538926747215445,0.7540983606557377,0.7459177197941662,0.8739962760386362
5,0.2907904362427476,0.33060899603626004,0.7650273224043715,0.7440613037783845,0.7650273224043715,0.7483602119314103,0.8737360951856209
6,0.26334953337462375,0.3114533478434643,0.7896174863387978,0.7581938679006143,0.7896174863387978,0.7704659459572776,0.8760353480924962
7,0.23342606653580372,0.2935295022578667,0.8114754098360656,0.81554476699291,0.8114754098360656,0.7978040769900904,0.8840603950309426
8,0.19855544055968968,0.3187822179625864,0.8169398907103825,0.8175891250601246,0.8169398907103825,0.8171858618209279,0.8855967078189301
9,0.20899889042155576,0.3183462082043938,0.8060109289617486,0.813150238950415,0.8060109289617486,0.7914546101142304,0.8903576432625218
10,0.18078694799054496,0.3002337961579147,0.7923497267759563,0.8120012791457175,0.7923497267759563,0.7992256852577313,0.8851600229188835
11,0.16452152345458593,0.31194034769483237,0.8387978142076503,0.8232915082152266,0.8387978142076503,0.8268339777913327,0.8868077703682227
12,0.14506002507202895,0.2974704743727394,0.8306010928961749,0.8166143684797182,0.8306010928961749,0.8124578196902208,0.881786525359576
13,0.14255337657991535,0.2741462306888855,0.8169398907103825,0.8128137201180515,0.8169398907103825,0.813076819284615,0.8996112703231848
14,0.10621008954868834,0.2556753181245016,0.8306010928961749,0.8273633517415315,0.8306010928961749,0.8257539998806364,0.8941042392759173
15,0.10603137323999798,0.2594399216544369,0.8278688524590164,0.8182596507243528,0.8278688524590164,0.8213012717142523,0.8903093478688433
16,0.09830863568806861,0.2776945516791033,0.8306010928961749,0.8107701111930845,0.8306010928961749,0.8162854411641949,0.8999038080688055
17,0.09048826516537582,0.2752150178927442,0.825136612021858,0.8149568329387874,0.825136612021858,0.8187318215929802,0.8999082237116556
18,0.1102240665732888,0.27690468088764214,0.8360655737704918,0.8363289543577836,0.8360655737704918,0.8344639535365291,0.9030479485772959
19,0.09228149578698124,0.2865019690893266,0.8306010928961749,0.8263491670105902,0.8306010928961749,0.8263198761169869,0.8996807584405534
20,0.09990147623189526,0.2769780469673645,0.8306010928961749,0.829383611803058,0.8306010928961749,0.8299523920170011,0.8981663480438353
21,0.06231056741616276,0.2676273497408661,0.8333333333333334,0.8225768076208448,0.8333333333333334,0.8270876739231957,0.8874197724705948
22,0.07366611674474964,0.25453632337081694,0.8442622950819673,0.8315996562065009,0.8442622950819673,0.834525978190448,0.908233878246916
23,0.09171031985897571,0.2830383020412663,0.8360655737704918,0.8271294967814292,0.8360655737704918,0.8303815167045581,0.8940080905709554
24,0.062051915306690957,0.2887640039881934,0.8142076502732241,0.800884316686319,0.8142076502732241,0.8063426798993442,0.8859588704122798
25,0.055797725377448405,0.2545524678881402,0.8387978142076503,0.820096706807579,0.8387978142076503,0.8263547721114944,0.9072434521863942
26,0.050257141910744554,0.2537684680732048,0.8387978142076503,0.838564956315544,0.8387978142076503,0.8360444550038277,0.9007787422089792
27,0.05541120777673353,0.28672554323692684,0.8278688524590164,0.8164636321033533,0.8278688524590164,0.8214031607451944,0.887230285304343
28,0.040016208150409904,0.25737249060614925,0.8387978142076503,0.8272933883838942,0.8387978142076503,0.8271478901682302,0.9079675264027588
29,0.03988240563146816,0.2660181588979195,0.8469945355191257,0.8369028210068672,0.8469945355191257,0.8377227495883007,0.9081493364855546
30,0.03871109923226829,0.25283510431789025,0.8524590163934426,0.8437018355051141,0.8524590163934426,0.8438103455359711,0.9148792312229367
31,0.04379056038928668,0.2849392138178582,0.8387978142076503,0.825498162547343,0.8387978142076503,0.8308869279813423,0.879084877350439
32,0.03805047977561037,0.26182968780378124,0.8442622950819673,0.8341229795534042,0.8442622950819673,0.8362139053184557,0.9061056952283222
33,0.04322323673517056,0.2611433856654912,0.8415300546448088,0.8340388814801789,0.8415300546448088,0.8357961429111485,0.9039667144584072
34,0.046951277439693906,0.2733946456776365,0.8497267759562842,0.8341367366124336,0.8497267759562842,0.8384111640428472,0.8929400441601087
35,0.033921963062865594,0.28985169529914856,0.825136612021858,0.8158747056118177,0.825136612021858,0.8186116199373795,0.8938345370078524
36,0.03147346346650406,0.26402642731251114,0.8469945355191257,0.8355759329586678,0.8469945355191257,0.8386155154199372,0.9060039783711091
37,0.03922693881088929,0.27846034060475294,0.8469945355191257,0.8289227039713911,0.8469945355191257,0.8337272981058612,0.9057704245889096
38,0.0274522631950212,0.25144359882435074,0.8497267759562842,0.8326810321420086,0.8497267759562842,0.8349714525065032,0.909507280609526
39,0.031453818316994446,0.2410077944235957,0.860655737704918,0.8518121791687365,0.860655737704918,0.8503570454461369,0.917801542475415
40,0.029034473537451602,0.24360551043292103,0.8497267759562842,0.836213662683075,0.8497267759562842,0.8394578128607539,0.9109186031674016
41,0.029573015548838,0.25741833284416277,0.8524590163934426,0.8402368087467831,0.8524590163934426,0.843593475091078,0.911934552454283
42,0.03005705206555831,0.25588708611853095,0.8497267759562842,0.837615071719118,0.8497267759562842,0.8412266754390775,0.9083746634547258
43,0.02647991972015046,0.24954701296013335,0.8524590163934426,0.8428720382875599,0.8524590163934426,0.8457073849015012,0.9103782165195125
44,0.02929071443481274,0.26359160183726443,0.8524590163934426,0.8409136870488289,0.8524590163934426,0.8426561099805129,0.9081786251881585
45,0.031283177397980304,0.24929861627195193,0.8415300546448088,0.8280974506980907,0.8415300546448088,0.8308806952915442,0.9058921772606967
46,0.02253913697036889,0.2605294975168679,0.8360655737704918,0.8241858244422332,0.8360655737704918,0.8274969622852482,0.9029177718832891
47,0.025752590336564837,0.26335232996422314,0.8360655737704918,0.8238130700038069,0.8360655737704918,0.8275245508401351,0.9054184302057579
48,0.024430823412530507,0.25238172691720334,0.8415300546448088,0.8319145798139496,0.8415300546448088,0.8327872911717995,0.908377260103157
49,0.032723839697011856,0.2596733147966797,0.8497267759562842,0.8392867139809242,0.8497267759562842,0.8396020034700715,0.9125021515864364
50,0.023171507214081666,0.24101561498220847,0.860655737704918,0.8485099564148744,0.860655737704918,0.8506152391410536,0.916440740846437
